id,codigo,nombre,estado,municipio,region,cantidad_postes,fecha_autorizacion
vgt_2023_p_226,VGT-2023-P-226,SOLICITUD DE PERMISOLOGIA CAPACHO,TACHIRA,INDEPENDENCIA,andes,1282,2023-06-28
vgt_2023_p_236,VGT-2023-P-236,SOLICITUD DE PERMISOLOGIA EL VALLE,TACHIRA,INDEPENDENCIA,andes,613,2023-06-28
vgt_2023_p_241,VGT-2023-P-241,SOLICITUD DE PERMISOLOGIA PALO GORDO,TACHIRA,CARDENAS,andes,622,2023-06-28
vgt_2023_p_242,VGT-2023-P-242,SOLICITUD DE PERMISOLOGIA SAN JOSECITO,TACHIRA,TORBES,andes,746,2023-06-28
vgt_2023_p_247,VGT-2023-P-247,SOLICITUD DE PERMISOLOGIA LA FRÍA,TACHIRA,GARCIA DE HEVIA,andes,247,2023-06-28
vgt_2023_p_251,VGT-2023-P-251,SOLICITUD DE PERMISOLOGIA MICHELENA,TACHIRA,MICHELENA,andes,403,2023-06-28
vgt_2023_p_253,VGT-2023-P-253,SOLICITUD DE PERMISOLOGIA EL PALMAR,TACHIRA,SAN CRISTOBAL,andes,924,2023-06-28
vgt_2023_p_249,VGT-2023-P-249,SOLICITUD DE PERMISOLOGIA UREÑA,TACHIRA,PEDRO MARIA UREÑA,andes,311,2023-08-07
vgt_2023_p_124,VGT-2023-P-124,SOLICITUD DE PERMISOLOGIA 23 DE ENERO,TACHIRA,SAN CRISTOBAL,andes,1218,2023-07-21
vgt_2023_p_227,VGT-2023-P-227,SOLICITUD DE PERMISOLOGIA MIRADOR,TACHIRA,SAN CRISTOBAL,andes,331,2023-07-21
vgt_2023_p_228,VGT-2023-P-228,SOLICITUD DE PERMISOLOGIA EL LLANITO,TACHIRA,SAN CRISTOBAL,andes,111,2023-07-21
vgt_2023_p_238,VGT-2023-P-238,SOLICITUD DE PERMISOLOGIA TARIBA,TACHIRA,CARDENAS,andes,556,2023-07-21
vgt_2023_p_248,VGT-2023-P-248,SOLICITUD DE PERMISOLOGIA RUBIO,TACHIRA,JUNIN,andes,1695,2023-07-21
vgt_2023_p_245,VGT-2023-P-245,SOLICITUD DE PERMISOLOGIA LLANO GORGE,TACHIRA,BOLIVAR,andes,200,2023-07-21
vgt_2023_p_244,VGT-2023-P-244,SOLICITUD DE PERMISOLOGIA ROMULO GALLEGOS,TACHIRA,SAN CRISTOBAL,andes,548,2023-07-21
vgt_2023_p_252,VGT-2023-P-252,SOLICITUD DE PERMISOLOGIA BARRIO OBRERO,TACHIRA,SAN CRISTOBAL,andes,51,2023-07-27
vgt_2023_p_250,VGT-2023-P-250,SOLICITUD DE PERMISOLOGIA ABEJALES,TACHIRA,LIBERTADOR,andes,191,2023-08-07
vgt_2023_p_809,VGT-2023-P-809,TENDIDO DE FIBRA OPTICA SECTOR LA POPA,TACHIRA,SAN CRISTOBAL,andes,95,2023-09-13
vgt_2023_p_759,VGT-2023-P-759,TENDIDO DE FIBRA OPTICA SECTOR SANTA TERESA,TACHIRA,SAN CRISTOBAL,andes,220,2023-09-13
vgt_2023_p_744,VGT-2023-P-744,TENDIDO DE FIBRA OPTICA SECTOR ZORCA,TACHIRA,SAN CRISTOBAL,andes,268,2023-09-13
vgt_2023_p_860,VGT-2023-P-860,TENDIDO DE FIBRA ÓPTICA SAN ANTONIO DEL TACHIRA,TACHIRA,BOLIVAR,andes,363,2023-10-17
vgt_2023_p_905,VGT-2023-P-905,TENDIDO DE FIBRA ÓPTICA LA GRITA,TACHIRA,JAUREGUI,andes,741,2023-10-17
vgt_2023_p_1032,VGT-2023-P-1032,TENDIDO DE FIBRA ÓPTICA COPA ORO,TACHIRA,GUASIMOS,andes,589,2023-10-17
vgt_2023_p_1040,VGT-2023-P-1040,TENDIDO DE FIBRA ÓPTICA LAS ADJUNTAS,TACHIRA,BOLIVAR,andes,55,2023-10-17
vgt_2023_p_1060,VGT-2023-P-1060,TENDIDO DE FIBRA ÓPTICA RUBIO,TACHIRA,JUNIN,andes,757,2023-10-17
vgt_2023_p_1062,VGT-2023-P-1062,TENDIDO DE FIBRA ÓPTICA EL RECREO,TACHIRA,BOLIVAR,andes,62,2023-10-17
vgt_2023_p_1071,VGT-2023-P-1071,TENDIDO DE FIBRA ÓPTICA TRONCAL CAPACHO- SAN ANTONIO DEL TÁCHIRA,TACHIRA,BOLIVAR,andes,168,2023-10-17
vgt_2023_p_1080,VGT-2023-P-1080,TENDIDO DE FIBRA ÓPTICA MESAS DE SEBORUCO,TACHIRA,ANTONIO ROMULO ACOSTA,andes,362,2023-10-17
vgt_2023_p_1085,VGT-2023-P-1085,TENDIDO DE FIBRA ÓPTICA EL COBRE,TACHIRA,JOSE MARIA VARGAS,andes,218,2023-10-17
vgt_2023_p_1086,VGT-2023-P-1086,TENDIDO DE FIBRA ÓPTICA TRONCAL DE EL COBRE,TACHIRA,JOSE MARIA VARGAS,andes,186,2023-10-17
vgt_2023_p_1078,VGT-2023-P-1078,TENDIDO DE FIBRA ÓPTICA SEBORUCO,TACHIRA,SEBORUCO,andes,119,2023-12-04
vgt_2024_p_48,VGT-2024-P-48,TENDIDO DE FIBRA OPTICA SECTOR PREGONERO,TACHIRA,URIBANTE,andes,281,2024-01-01
vgt_2023_p_1608,VGT-2023-P - 1608,TENDIDO DE FIBRA OPTICA SECTOR LA TENDIDA EDO. TACHIRA,TACHIRA,SAMUEL DARIO MALDONADO,andes,342,2024-02-09
vgt_2023_p_1610,VGT-2023-P-1610,TENDIDO DE FIBRA OPTICA SECTOR HERNANDEZ EDO. TACHIRA,TACHIRA,SAMUEL DARIO MALDONADO,andes,181,2024-02-09
vgt_2024_p_82,VGT-2024-P-82,PROYECTO LA PALMITA EDO. TÁCHIRA,TACHIRA,PANAMERICANO,andes,142,2024-04-02
vgt_2023_p_1364,VGT-2023-P-1364,SAN LORENZO ETAPA I,TACHIRA,FERNANDEZ FEO,andes,209,2024-05-16
vgt_2024_p_35,VGT-2024-P-35,SAN LORENZ III ETAPA,TACHIRA,FERNANDEZ FEO,andes,56,2024-05-16
vgt_2024_p_83,VGT-2024-P-83,TENDIDO DE FIBRA ÓPTICA PUERTO NUEVO - EDO. TÁCHIRA,TACHIRA,LIBERTADOR,andes,138,2024-05-16
vgt_2023_p_1341,VGT-2023-P-1341,TENDIDO DE FIBRA ÓPTICA SECTOR VEGA DE CEDRO,TACHIRA,LIBERTAD,andes,60,2023-11-01
vgt_2024_p_113,VGT-2024-P-113,PROYECTO COLONCITO LA TENDIDA,TACHIRA,SAMUEL DARIO MALDONADO,andes,484,2024-02-01
vgt_2024_p_811,VGT-2024-P-811,PROYECTO RUTA FIBRA ÓPTICA CHURURU,TACHIRA,FERNANDEZ FEO,andes,95,2024-10-03
vgt_2024_p_812,VGT-2024-P-812,RUTA FIBRA OPTICA LOS NARANJOS,TACHIRA,FERNANDEZ FEO,andes,205,2024-10-03
vgt_2024_p_818,VGT-2024-P-818,TENDIDO FIBRA OPTICA EL PIÑAL,TACHIRA,SAN JUDAS TADEO,andes,342,2024-10-03
vgt_2024_p_1690,VGT-2024-P-1690,PROYECTO RED GPON UMUQUENA,TACHIRA,LIBERTADOR - ANDRES ELOY BLANCO BARINAS,andes,251,2024-10-17
vgt_2024_p_1046,VGT-2024-P-1046,RUTA FIBRA OPTICA PUERTO NEVO EL CANTON,TACHIRA,PANAMERICANO,andes,227,2024-10-17
vgt_2024_p_1464,VGT-2024-P-1464,"TENDIDO FIBRA OPTICA  RED GPON COLONCITO, EDO TACHIRA",TACHIRA,GUASIMOS,andes,1253,2024-09-23
vgt_2024_p_2107,VGT-2024-P-2107,PROYECTO EL ABEJAL DE PALMIRA VELLA VISTA,TACHIRA,CARDENAS,andes,69,2024-11-28
vgt_2023_p_243,VGT-2023-P-243,SOLICITUD DE PERMISOLOGIA TUCAPE,TACHIRA,SAN JUDAS TADEO,andes,7,2023-08-11
vgt_2024_p_1693,VGT-2024-P-1693,RUTA FIBRA OPTICA TRONCAL COLONCITO UMUQUENA,TACHIRA,PANAMERICANO - GARCIA DE HEVIA,andes,114,2024-09-11
vgt_2024_p_1856,VGT-2024-P-1856,RUTA FIBRA OPTICA TRONCAL COLONCITO LA,TACHIRA,FERNANDEZ FEO,andes,209,2024-08-07
vgt_2024_p_2197,VGT-2024-P-2197,"TENDIDO FIBRA ÓPTICA EL ROISAL, EL PIÑAL, EDO TÁCHIRA",TACHIRA,FERNANDEZ FEO,andes,84,2024-04-27
vgt_2025_p_267,VGT-2025-P-267,"RED GPON CAPACHO PALO GORDO, EDO. TACHIRA",TACHIRA,INDEPENDENCIA,andes,69,2025-02-03
vgt_2025_p_1764,VGT-2025-P-1764,"RED GPON SECTOR TOITUNA Y LA YEE, GUASIMOS, EDO. TÁCHIRA",TACHIRA,GUASIMOS,andes,161,2025-04-07
vgt_2023_p_1371,VGT-2023-P-1371,PROYECTO LA FRÍA SECTOR - LAS AMÉRICAS,TACHIRA,JUNIN,andes,103,2023-10-23
vgt_2025_p_3159,VGT-2025-P-3159,"RED GPON LAS MINAS DE LOBATERA, EDO. TACHIRA -",TACHIRA,LOBATERA,andes,246,2025-10-02
vgt_2025_pr_3178,VGT-2025-PR-3178,"RED GPON SECTOR PALO GRANDE LOBATERA, EDO. TACHIRA",TACHIRA,LOBATERA,andes,72,2025-10-02
vgt_2025_p_3408,VGT-2025-P-3408,"RED GPON SECTOR EL POBLADO - MISIA JULIA, RUBIO, EDO. TACHIRA -",TACHIRA,JUNIN,andes,360,2025-11-05
vgt_2025_p_3396,VGT-2025-P-3396,"RED GPON SECTOR LA QUIRACHA, RUBIO, EDO. TACHIRA -",TACHIRA,JUNIN,andes,75,2025-11-05
vgt_2025_p_3697,VGT-2025-P-3697,"RED GPON SECTOR CERRO LA LAGUNA CAPACHO VIEJO, EDO. TACHIRA -",TACHIRA,LIBERTAD,andes,70,2025-02-20
vgt_2025_p_3715,VGT-2025-P-3715,"RED GPON HATO DE LA VIRGEN CAPACHO VIEJO, EDO. TACHIRA -",TACHIRA,LIBERTAD,andes,85,2025-02-20
vgt_2025_p_3688,VGT-2025-P-3688,"RED GPON SECTOR BOROTA - PALO GRANDE, LOBATERA, EDO, TACHIRA -",TACHIRA,LOBATERA,andes,338,2026-02-26
vgt_2025_p_3717,VGT-2025-P-3717,"RED GPON PERIBECA CAPACHO, EDO. TACHIRA -",TACHIRA,INDEPENDENCIA,andes,126,2026-02-25
vgt_2025_p_3696,VGT-2025-P-3696,"RED GPON SECTOR EL UVITO, MICHELENA, EDO. TACHIRA",TACHIRA,MICHELENA,andes,55,2026-02-25
vgt_2025_p_3693,VGT-2025-P-3693,"RED GPON CASCO CENTRAL LOBATERA, EDO. TACHIRA -",TACHIRA,LOBATERA,andes,194,2026-02-25
vgt_2026_pr_052,VGT-2026-PR-052,"SOLICITUD DE PERMISOLOGIA PROYECTO RED GPON SECTOR BARRIO ALIANZA, SAN CRISTÓBAL, EDO. TACHIRA (REGULARIZACIÓN)",TACHIRA,SAN CRISTOBAL,andes,64,2026-03-04
vgt_2026_pr_057,VGT-2026-PR-057,"RED GPON SECTOR LA CONCORDIA, POZO AZUL, BARRIO PARQUE EXPOSICIÓN, EDO. TACHIRA (REGULARIZACIÓN)",TACHIRA,SAN CRISTOBAL,andes,631,2026-03-04
vgt_2026_pr_055,VGT-2026-PR-055,"RED GPON SECTOR GENARO MENDEZ, MARCO TULIO, URB TACHIRA, SAN CRISTÓBAL, EDO. TACHIRA (REGULARIZACIÓN) -",TACHIRA,SAN CRISTOBAL,andes,199,2026-03-04
vgt_2026_pr_059,VGT-2026-PR-059,"RED GPON PUEBLO NUEVO, EDO. TACHIRA (REGULARIZACIÓN) -",TACHIRA,SAN CRISTOBAL,andes,269,2026-03-05
vgt_2025_p_3687,VGT-2025-P-3687,"RED GPON SECTOR BRAMON - COLINA, RUBIO, EDO. TACHIRA -",TACHIRA,JUNIN,andes,628,2026-04-15
vgt_2026_pr_058,VGT-2026-PR-058,"RED GPON SECTOR BARRIO EL LOBO, STA CECILIA, STA TERESA, EDO. TACHIRA (REGULARIZACIÓN) -",TACHIRA,SAN CRISTOBAL,andes,490,2026-04-28
vgt_2026_p_594,VGT-2026-P-594,"PROYECTO RED GPON SECTOR LOS LIBERTADORES VILLA BOLIVIA SAN ANTONIO, EDO. TACHIRA -",TACHIRA,,andes,140,2026-05-12
vgt_2024_p_2215,VGT-2024-P-2215,PROYECTO RED GPON EL PEÑOL,TRUJILLO,,andes,88,2024-11-15
vgt_2024_p_2345,VGT-2024-P-2345,PROYECTO TRONCAL CAMPO ELIAS - BOCONO,TRUJILLO,BOCONO,andes,518,2024-03-12
vgt_2024_p_2376,VGT-2024-P-2376,PROYECTO RED GPON AMPLICION CAMPO ELIAS,TRUJILLO,JUAN VICENTE CAMPO ELIAS,andes,44,2024-09-12
vgt_2024_p_2400,VGT-2024-P-2400,PROYECTO RED GPON BOCONO PRIMERA ETAPA,TRUJILLO,BOCONO,andes,581,2024-11-12
vgt_2024_p_2407,VGT-2024-P-2407,RED GPON BOCONO SEGUNDA ETAPA,TRUJILLO,BOCONO,andes,612,2024-12-12
vgt_2024_p_2414,VGT-2024-P-2414,RED GPON BOCONO TERCERA ETAPA,TRUJILLO,BOCONO,andes,393,
vgt_2024_p_1436,VGT-2024-P-1436,PROYECTO CAMPO ELÍAS,TRUJILLO,JUAN VICENTE CAMPO ELIAS,andes,132,2023-11-03
vgt_2023_p_1362,VGT-2023-P-1362,PROYECTO TOVAR EDO. MERIDA,MERIDA,TOVAR,andes,571,2023-12-27
vgt_2023_p_1629,VGT-2023-P-1629,PROYECTO ZEA EDO. MÉRIDA,MERIDA,ZEA,andes,216,2024-03-20
vgt_2023_p_1509,VGT-2023-P-1509,PROYECTO BAILADORES  EDO. MÉRIDA,MERIDA,BAILADORES,andes,109,2024-04-05
vgt_2024_p_427,VGT-2024-P-427,TENDIDO DE FIBRA ÓPTICA SECTOR MUCUCHÍES,MERIDA,RANGEL,andes,289,2024-04-01
vgt_2024_p_1628,VGT-2024-P-1628,PROYECTO TRONCAL LAS TIENDAS ZEA,MERIDA,HERNANDEZ - SAMUEL DARIO MALDONADO - ZEA,andes,63,2024-09-11
vgt_2024_p_1829,VGT-2024-P-1829,"RUTA FIBRA ÓPTICA TRONCAL TOVAR, LA PLAYA, BAILADORES",MERIDA,RIVAS DAVILA,andes,298,2024-10-03
vgt_2025_p_454,VGT-2025-P-454,"RED GPON GUAYANITO, EDO. MERIDA",MERIDA,LIBERTADOR - PADRE NOGUERA,andes,117,2025-02-17
vgt_2023_p_1630,VGT-2023-P-1630,"PROYECTO TRONCAL ZEA - TOVAR  EDO. MÉRIDA,",MERIDA,TOVAR - ZEA,andes,134,2023-12-11
vgt_2023_p_399,VGT-2023-P-399,NUEVO EMPLAZAMIENTO BOCONOITO,PORTUGUESA,SAN GENARO DE BOCONOITO,andes,466,2023-06-02
vgt_2023_p_483,VGT-2023-P-483,PROYECTO ZONA ESTE GUANARE,PORTUGUESA,GUANARE,andes,769,2023-06-12
vgt_2023_p_485,VGT-2023-P-485,NUEVO EMPLAZAMIENTO CHABASQUEN,PORTUGUESA,VICENTE DE UNDA,andes,162,2023-07-13
vgt_2023_p_482,VGT-2023-P-482,MUDANZA TRONCAL OFICINA HEAD END GUANARE,PORTUGUESA,GUANARE,andes,59,2023-06-12
vgt_2023_p_486,VGT-2023-P-486,NUEVO EMPLAZAMIENTO ACARIGUA TRONCAL MOVISTAR (CENTRO),PORTUGUESA,PAEZ,andes,29,2023-07-27
vgt_2023_p_488,VGT-2023-P-488,NUEVO EMPLAZAMIENTO TRONCAL BISCUCUY VALLE VERDE,PORTUGUESA,SUCRE,andes,386,2023-07-27
vgt_2023_p_316,VGT-2023-P-316,TENDIDO DE FIBRA OPTICA ACARIGUA OSPINO,PORTUGUESA,ACARIGUA,andes,948,2023-05-17
vgt_2023_p_923,VGT-2023-P-923,SECTOR PALO GORDO-HIPERPDVAL ACARIGUA,PORTUGUESA,ACARIGUA ARAURE,andes,62,2023-11-24
vgt_2023_p_932,VGT-2023-P-932,SECTOR HIPERPDVAL-CUERPO DE BOMBEROS ACARIGUA,PORTUGUESA,,andes,141,2023-11-24
vgt_2023_p_957,VGT-2023-P-957,PROYECTO NUEVO OSPINO-ACARIGUA,PORTUGUESA,OSPINO,andes,101,2023-10-09
vgt_2023_p_487,VGT-2023-P-487,NUEVO EMPLAZAMIENTO TRONCAL THUNDERTNET F CORTEZA,PORTUGUESA,PAEZ,andes,89,2023-07-27
vgt_2023_p_949,VGT-2023-P-949,TENDIDO DE FIBRA ÓPTICA SECTOR VALLE VERDE - GUANARE,PORTUGUESA,SUCRE,andes,55,2023-10-17
vgt_2023_p_1154,VGT-2023-P-1154,ZONA CENTRO GUANARE,PORTUGUESA,GUANARE,andes,418,2023-10-24
vgt_2023_p_845,VGT-2023-P-845,"PROYECTO LAS CRUCES, PORTUGUESA",PORTUGUESA,SUCRE,andes,106,2023-12-04
vgt_2023_p_1257,VGT-2023-P-1257,PROYECTO BARRIO LIBERTADOR GUANARE,PORTUGUESA,GUANARE,andes,38,2023-12-04
vgt_2023_p_1344,VGT-2023-P-1344,PROYECTO SECTOR CUATRICENTENARIO SECTOR 4,PORTUGUESA,,andes,25,2023-12-04
vgt_2023_p_1302,VGT-2023-P-1302,PROYECTO SECTOR GRACIANERA,PORTUGUESA,,andes,66,2023-12-04
vgt_2023_p_1291,VGT-2023-P-1291,PROYECTO SECTOR FUNDA GUANARE,PORTUGUESA,,andes,81,2023-12-04
vgt_2023_p_847,VGT-2023-P-847,PROYECTO TRONCAL MESA DE CAVACA LAS CRUCES,PORTUGUESA,CARRETERA NACIONAL BOCONO GUANARE (GUANARE),andes,378,2023-12-04
vgt_2023_p_970,VGT-2023-P-970,"TENDIDO DE FIBRA OPTICA SECTORES LA CARMELO, LA CONCORDIA MAISANTA",PORTUGUESA,PAEZ,andes,256,2024-01-24
vgt_2023_p_874,VGT-2023-P-874,TENDIDO DE FIBRA OPTICA RIO ACARIGUA,PORTUGUESA,ACARIGUA ARAURE,andes,259,2024-01-24
vgt_2023_p_1453,VGT-2023-P-1453,TENDIDO DE FIBRA OPTICA DURIGUA VIEJA URB. LA VIRGINIA,PORTUGUESA,PAEZ,andes,318,2024-01-24
vgt_2023_p_969,VGT-2023-P-969,"TENDIDO DE FIBRA OPTICA TRONCAL CALLE 5 - PARQUE RESIDENCIAL LOS ROBLES, ACARIGUA",PORTUGUESA,,andes,70,2024-01-24
vgt_2023_p_1445,VGT-2023-P-1445,TENDIDO DE FIBRA OPTICA BELLAS ARTES LOS CORTIJOS,PORTUGUESA,ACARIGUA ARAURE,andes,313,2024-01-24
vgt_2023_p_1430,VGT-2023-P-1430,TENDIDO DE FIBRA OPTICA TRONCAL 5 DE DICIEMBRE VIA MI JAGUITO,PORTUGUESA,PAEZ,andes,88,2024-01-24
vgt_2023_p_1442,VGT-2023-P-1442,"TENDIDO DE FIBRA OPTICA 5 DE DICIEMBRE, PADRE MORENO, 15 DE MARZO",PORTUGUESA,,andes,296,2024-01-24
vgt_2023_p_1490,VGT-2023-P-1490,TENDIDO DE FIBRA OPTICA PARTE BAJA DE 5 DE DICIEMBRE LOS ROBLES,PORTUGUESA,,andes,247,2024-01-24
vgt_2023_p_1499,VGT-2023-P-1499,TENDIDO DE FIBRA OPTICA BARAURE I,PORTUGUESA,ACARIGUA ARAURE,andes,115,2024-01-24
vgt_2023_p_1452,VGT-2023-P-1452,TENDIDO DE FIBRA OPTICA DURIGUA 2 Y 3,PORTUGUESA,PAEZ,andes,266,2024-01-24
vgt_2023_p_1462,VGT-2023-P-1462,TENDIDO DE FIBRA OPTICA URB. VALLE ARRIBA,PORTUGUESA,,andes,137,2024-01-24
vgt_2023_p_1460,VGT-2023-P-1460,TENDIDO DE FIBRA OPTICA TRONCAL AV. NEGRO PRIMERO,PORTUGUESA,,andes,64,2024-01-24
vgt_2023_p_1463,VGT-2023-P-1463,TENDIDO DE FIBRA OPTICA LAS DELICIAS,PORTUGUESA,,andes,170,2024-01-24
vgt_2023_p_1495,VGT-2023-P-1495,TENDIDO DE FIBRA OPTICA BARRIO LAS AMERICAS,PORTUGUESA,,andes,89,2024-01-24
vgt_2023_p_1498,VGT-2023-P-1498,TENDIDO DE FIBRA OPTICA URB. MIRANDA PAEZ Y SUCRE,PORTUGUESA,GUANARE,andes,124,2024-01-24
vgt_2023_p_1059,VGT-2023-P-1059,TENDIDO DE FIBRA OPTICA PIRITU EN PROCESO DE DESINCORPORACION (VGT-2024-DP-031),PORTUGUESA,STELLER,andes,726,2024-01-24
vgt_2023_p_1072,VGT-2023-P-1072,REGISTRO DE POSTEADURA NUEVA TRONCAL PIRITU- TUREN,PORTUGUESA,STELLER,andes,174,2024-01-24
vgt_2024_p_55,VGT-2024-P-55,TENDIDO DE FIBRA OPTICA URB. LOS MALABARES,PORTUGUESA,GUANARE,andes,66,2024-05-29
vgt_2024_p_200,VGT-2024-P-200,TENDIDO DE FIBRA TRONCAL EL MIRADOR  SAN ANTONIO,PORTUGUESA,,andes,21,2024-05-29
vgt_2024_p_207,VGT-2024-P-207,TENDIDO DE FIBRA  ÓPTICA SECTOR COLOMBIA NORTE,PORTUGUESA,,andes,51,2024-05-29
vgt_2024_p_408,VGT-2024-P-408,TENDIDO DE FIBRA  ÓPTICA SECTOR PRADOS DEL SOL,PORTUGUESA,ACARIGUA ARAURE,andes,157,2024-05-29
vgt_2024_p_415,VGT-2024-P-415,TENDIDO DE FIBRA OPTICA URB. LA COROMOTANA,PORTUGUESA,GUANARE,andes,13,2024-05-29
vgt_2024_p_416,VGT-2024-P-416,TENDIDO DE FIBRA OPTICA SECTOR NAZARENO,PORTUGUESA,,andes,41,2024-05-29
vgt_2024_p_397,VGT-2024-P-397,SECTOR LA GONZALO,PORTUGUESA,ACARIGUA ARAURE,andes,120,2024-05-01
vgt_2024_p_394,VGT-2024-P-394,TENDIDO DE FIBRA OPTICA BARRIO BOLIVAR ACARIGUA,PORTUGUESA,,andes,158,2024-05-16
vgt_2024_p_383,VGT-2024-P-383,LA APARICION,PORTUGUESA,OSPINO,andes,210,2024-05-16
vgt_2024_p_77,VGT-2024-P-77,TENDIDO DE FIBRA OPTICA  AGUA BLANCA SECTOR VENEZUELA DESDE 01/11/24,PORTUGUESA,AGUA BLANCA,andes,106,2024-05-16
vgt_2024_p_470,VGT-2024-P-470,TENDIDO DE FIBRA OPTICA SECTOR  AGUA BLANCA,PORTUGUESA,,andes,93,2024-04-01
vgt_2024_p_725,VGT-2024-P-725,FIBRA OPTICA TRONCAL PIRITU TUREN II,PORTUGUESA,TUREN,andes,145,2024-04-01
vgt_2023_p_400,VGT-2023-P-400,TENDIDO DE FIBRA OPTICA TRONCAL GUANARE ENTRADA SABANETA,PORTUGUESA,GUANARE -BARINAS,andes,767,2023-06-12
vgt_2024_p_1476,VGT-2024-P-1476,PROYECTO RUTA FIBRA OPTICA TUCUPIDO,PORTUGUESA,GUANARE,andes,91,2023-06-03
vgt_2024_p_1252,VGT-2024-P-1252,"RUTA FIBRA OPTICA LA ESTACIÓN OSPINO, EDO. PORTUGUESA",PORTUGUESA,OSPINO,andes,48,
vgt_2024_p_1175,VGT-2024-P-1175,PROYECTO RUTA FIBRA ÓPTICA TRONCAL LA ESTACION OSPINO-OSPINO,PORTUGUESA,OSPINO,andes,126,2023-06-03
vgt_2024_p_412,VGT-2024-P-412,TENDIDO DE FIBRA ÓPTICA URBANIZACION FERMIN TORO,PORTUGUESA,GUANARE,andes,55,2023-10-15
vgt_2024_p_1297,VGT-2024-P-1297,RUTA FIBRA OPTICA PAYARA EDO. PORTUGUESA,PORTUGUESA,PAEZ,andes,312,2024-10-25
vgt_2024_p_1295,VGT-2024-P-1295,RUTA FIBRA OPTICA TRONCAL ACARIGUA PAYARA,PORTUGUESA,PAEZ,andes,202,
vgt_2024_p_2155,VGT-2024-P-2155,"RUTA FIBRA OPTICA PROYECTO RED GPON LA COMUNIDAD NUEVA Y VIEJA, COROMOTO, EDO. PORTUGUESA",PORTUGUESA,GUANARE,andes,303,2024-11-28
vgt_2023_p_1489,VGT-2023-P-1489,TENDIDO DE FIBRA ÓPTICA URB. LA GRANJA,PORTUGUESA,GUANARE,andes,50,2023-11-10
vgt_2023_p_1672,VGT-2023-P-1672,TENDIDO DE FIBRA ÓPTICA TRAMO SAN ANTONIO - VILLA PASTORA,PORTUGUESA,PAEZ,andes,338,2023-12-19
vgt_2024_p_1852,VGT-2024-P-1852,"PROYECTO BARRIO LA CONSTITUYENTE, ACARIGUA, EDO. PORTUGUESA",PORTUGUESA,PAEZ,andes,93,2024-09-26
vgt_2024_p_1900,VGT-2024-P-1900,TENDIDO DE FIBRA ÓPTICA BARRIO EL BOSQUE PARAISO,PORTUGUESA,OSPINO,andes,100,2024-10-04
vgt_2024_p_384,VGT-2024-P-384,TENDIDO DE FIBRA ÓPTICA BISCUCUY,PORTUGUESA,SUCRE,andes,287,2023-08-04
vgt_2024_p_385,VGT-2024-P-385,TENDIDO DE FIBRA ÓPTICA TRONCAL LAS CRUCES- BISCUCUY EDO. PORTUGUESA,PORTUGUESA,SUCRE,andes,361,2024-01-23
vgt_2024_p_1988,VGT-2024-P-1988,"PROYECTO BARRIO ARAGUANEY, ACARIGUA, EDO PORTUGUESA",PORTUGUESA,ACARIGUA,andes,135,2024-10-16
vgt_2024_p_1989,VGT-2024-P-1989,"PROYECTO URB. SAN JOSÉ I, ARAURE, EDO. PORTUGUESA",PORTUGUESA,ARAURE,andes,79,2024-10-16
vgt_2024_p_2188,VGT-2024-P-2188,RED GPON JOSE ANTONIO PAEZ EDO PORTUGUESA,PORTUGUESA,OSPINO,andes,80,2024-11-13
vgt_2024_p_2309,VGT-2024-P-2309,"SOLICITUD DE PERMISOLOGIA PROYECTO RED GPON ESTADIO-CICLO BÁSICO,",PORTUGUESA,TUREN,andes,123,
vgt_2024_p_2339,VGT-2024-P-2339,"PROYECTO RED GPON EL PROGRESO GUANARE, EDO. PORTUGUESA",PORTUGUESA,GUANARE,andes,171,2024-03-12
vgt_2024_p_2347,VGT-2024-P-2347,RED GPON VALLE CENTRO - OSPINO,PORTUGUESA,OSPINO,andes,78,2024-04-12
vgt_2024_p_2196,VGT-2024-P-2196,RED GPON PRADOS DEL SOL II,PORTUGUESA,SAMUEL DARIA MALDONADO,andes,126,2024-11-13
vgt_2024_p_2201,VGT-2024-P-2201,"RED GPON  PAYARA LOS MAMONES, EDO PORTUGUESA",PORTUGUESA,PAEZ,andes,126,2024-11-14
vgt_2024_p_2202,VGT-2024-P-2202,"RED GPON  PAYARA LOS PUERTOS, EDO PORTUGUESA",PORTUGUESA,PAEZ,andes,108,2024-11-14
vgt_2024_p_1853,VGT-2024-P-1853,"PROYECTO EL TERMINAL BISCUCUY, EDO. PORTUGUESA",PORTUGUESA,SUCRE,andes,14,2024-09-26
vgt_2024_p_2370,VGT-2024-P-2370,TENDIDO DE FIBRA ÓPTICA RED GPON URB SANTA,PORTUGUESA,ARAURE,andes,147,2024-12-06
vgt_2024_p_2374,VGT-2024-P-2374,PROYECTO RUTA FIBRA OPTICA SAN MIGUEL - RIO ACARIGUA,PORTUGUESA,ARAURE,andes,86,
vgt_2024_p_2452,VGT-2024-P-2452,PROYECTO RED GPON ZONA CENTRO II GUANARE EDO PORTUGUESA,PORTUGUESA,GUANARE,andes,257,2024-12-02
vgt_2024_p_2459,VGT-2024-P-2459,"TENDIDO DE FIBRA ÓPTICA RED GPON CASERIO CHISPA,TUREN",PORTUGUESA,TUREN,andes,119,2024-12-18
vgt_2024_p_2460,VGT-2024-P-2460,NUEVO PROYECTO SECTOR ALTAMIRA ACARIGUA,PORTUGUESA,PAEZ,andes,50,2024-12-18
vgt_2024_p_2030,VGT-2024-P-2030,PROYECTO TENDIDO DE FIBRA  ZONA CENTRO ACARIGUA,PORTUGUESA,ACARIGUA,andes,49,2024-10-23
vgt_2024_p_2461,VGT-2024-P-2461,PROYECTO RED GPON ALGODONAL,PORTUGUESA,ARAURE,andes,179,2024-12-19
vgt_2024_p_2464,VGT-2024-P-2464,"PROYECTO RED GPON TURENLINDA, MERECURE Y JACOBERA",PORTUGUESA,OSPINO,andes,184,2024-12-19
vgt_2024_p_2465,VGT-2024-P-2465,RED GPON TRONCAL TUREN LAS MARIAS,PORTUGUESA,ACARIGUA,andes,70,2024-12-19
vgt_2024_p_2470,VGT-2024-P-2470,RED GPON LA VEGA SECTOR II,PORTUGUESA,TUREN,andes,110,2024-12-23
vgt_2024_p_2471,VGT-2024-P-2471,"RED GPON LA TRINIDAD, MCPIO. OSPINO",PORTUGUESA,TUREN,andes,208,2024-12-23
vgt_2025_p_72,VGT-2025-P-72,"RED GPON VILLA ARAURE II, EDO. PORTUGUESA",PORTUGUESA,TUREN,andes,153,2025-01-13
vgt_2025_p_73,VGT-2025-P-73,"RED GPON VILLA ARAURE I, EDO. PORTUGUESA",PORTUGUESA,OSPINO,andes,134,2025-01-13
vgt_2025_p_133,VGT-2025-P-133,"RED GPON BRUZUAL, EDO. PORTUGUESA",PORTUGUESA,ARAURE,andes,55,2025-01-17
vgt_2025_p_16,VGT-2025-P-16,"RED GPON TRONCAL BUENAVENTURA, VILLA ARAURE, ARAURE, EDO. PORTUGUESA",PORTUGUESA,ARAURE,andes,101,
vgt_2025_p_317,VGT-2025-P-317,"RED GPON RED GPON URB PEDRO CAMEJO, ACARIGUA, EDO. PORTUGUESA -",PORTUGUESA,TUREN,andes,94,2025-02-05
vgt_2025_p_401,VGT-2025-P-401,"RED GPON ESTADIO YANKEES PIEDRA, BARAURE, EDO. PORTUGUESA",PORTUGUESA,ARAURE,andes,49,2025-03-31
vgt_2025_p_412,VGT-2025-P-412,"RED GPON BARAURE II, EDO PORTUGUESA -",PORTUGUESA,PAEZ,andes,221,2025-03-31
vgt_2025_p_551,VGT-2025-P-551,"RED GPON VILLA ARAURE III, EDO. PORTUGUESA",PORTUGUESA,PAEZ,andes,139,2025-03-31
vgt_2025_p_556,VGT-2025-P-556,"RED GPON BELLA VISTA, EDO. PORTUGUESA",PORTUGUESA,ARAURE,andes,98,2025-03-31
vgt_2025_p_332,VGT-2025-P-332,"RED GPON LA ROJEÑA, RIO ACARIGUA, EDO. PORTUGUESA",PORTUGUESA,ARAURE,andes,72,2025-02-06
vgt_2025_p_1920,VGT-2025-P-1920,"RED GPON AMPLIACION OSPINO, EDO. PORTUGUESA",PORTUGUESA,PAEZ,andes,691,2025-04-23
vgt_2024_p_1854,VGT-2024-P-1854,"PROYECTO EL ROSAL BISCUCUY, EDO. PORTUGUESA",PORTUGUESA,ARAURE,andes,29,2024-09-26
vgt_2024_p_61,VGT-2024-P-61,PROYECTO LA IMPORTANCIA EL CAMBIO - GUANARE,PORTUGUESA,OSPINO,andes,84,2024-01-12
vgt_2025_p_2075,VGT-2025-P-2075,"RED GPON SAN RAFAEL DE ONOTO, EDO. PORTUGUESA -",PORTUGUESA,SUCRE,andes,636,2025-05-15
vgt_2025_p_2135,VGT-2025-P-2135,"PROYECTO RED GPON, VILLA DEL PILAR II, ARAURE, EDO. PORTUGUESA",PORTUGUESA,GUANARE,andes,301,2025-05-20
vgt_2025_p_2143,VGT-2025-P-2143,"RED GPON URB 5 DE DICIEMBRE, LIMONCITO, SAN PABLO, TAMARINDO, EDO. PORTUGUESA",PORTUGUESA,SAN RAFAEL DE ONOTO,andes,423,2025-05-21
vgt_2025_p_440,VGT-2025-P-440,"RED GPON SOL DE JUSTICIA, GUANARE, EDO. PORTUGUESA",PORTUGUESA,ARAURE,andes,243,2025-02-17
vgt_2025_p_1611,VGT-2025-P-1611,"TRONCAL GUANARE - GUANARITO, EDO. PORTUGUESA -",PORTUGUESA,ARAURE,andes,712,2025-03-19
vgt_2025_p_2672,VGT-2025-P-2672,"PROYECTO RED GPON EXPANSION AGUA BLANCA, EDO. PORTUGUESA",PORTUGUESA,GUANARE,andes,705,2025-08-05
vgt_2025_p_2725,VGT-2025-P-2725,"RED GPON VILLA ARAURE SECTOR ARBOLEDA, EDO. PORTUGUESA -",PORTUGUESA,GUANARE,andes,80,2025-08-13
vgt_2025_p_2737,VGT-2025-P-2737,"RED GPON URBANIZACION MARIA JOSE, ARAURE, EDO. PORTUGUESA",PORTUGUESA,AGUA BLANCA,andes,40,2025-08-13
vgt_2025_p_2742,VGT-2025-P-2742,"RED GPON URBANIZACION 24 DE JULIO, ACARIGUA, EDO. PORTUGUESA",PORTUGUESA,ARAURE,andes,273,2025-08-14
vgt_2025_p_2744,VGT-2025-P-2744,"TRONCAL VILLA DEL PILAR, MISIA AMELIA, LA TAPA, ACARIGUA, EDO. PORTUGUESA -",PORTUGUESA,ARAURE,andes,58,2025-08-14
vgt_2025_p_2730,VGT-2025-P-2730,"RED GPON SECTOR EL MUERTICO ANDRES ELOY BLANCO, ACARIGUA, EDO. PORTUGUESA -",PORTUGUESA,PAEZ,andes,607,2025-08-13
vgt_2025_p_1578,VGT-2025-P-1578,"RED GPON BARRIO CEMENTERIO, SECTOR COLOMBIA SUR, EDO. PORTUGUESA",PORTUGUESA,ARAURE,andes,132,2025-03-17
vgt_2025_p_2705,VGT-2025-P-2705,"RED GPON URBANIZACIÓN EL TRÉBOL, GUANARE, EDO. PORTUGUESA",PORTUGUESA,PAEZ,andes,26,2025-08-11
vgt_2025_p_2706,VGT-2025-P-2706,"RED GPON URBANIZACIÓN EL PASEO, GUANARE, EDO. PORTUGUESA",PORTUGUESA,GUANARE,andes,26,2025-08-11
vgt_2025_p_2710,VGT-2025-P-2710,"RED GPON LA COLINA PARTE ALTA , GUANARE, EDO. PORTUGUESA",PORTUGUESA,GUANARE,andes,131,2025-08-11
vgt_2025_p_2718,VGT-2025-P-2718,"RED GPON SECTOR GATO NEGRO, GUANARE, EDO. PORTUGUESA",PORTUGUESA,GUANARE,andes,349,2025-08-12
vgt_2025_p_1612,VGT-2025-P-1612,"RED GPON BARRIO CEMENTERIO, SECTOR SAN JOSE, EDO. PORTUGUESA",PORTUGUESA,GUANARE,andes,58,2025-03-17
vgt_2025_p_2756,VGT-2025-P-2756,"PROYECTO RED GPON SECTOR FE Y ALEGRÍA, ARAURE, EDO. PORTUGUESA",PORTUGUESA,GUANARE,andes,192,2025-08-18
vgt_2025_p_2761_vgt_2026_dp_013,VGT-2025-P-2761 / VGT-2026-DP-013,"RED GPON SECTOR MISIA AMELIA - VENCEDORES, ARAURE, EDO. PORTUGUESA / DESINCORPORADO",PORTUGUESA,GUANARE,andes,87,
vgt_2025_p_2772,VGT-2025-P-2772,"RED GPON SECTOR ALTAMIRA ETAPA II, ACARIGUA, EDO. PORTUGUESA",PORTUGUESA,PAEZ,andes,227,2025-08-19
vgt_2025_p_2774,VGT-2025-P-2774,"RED GPON SECTOR PALO GORDO, ARAURE, EDO. PORTUGUESA",PORTUGUESA,ARAURE,andes,78,2025-08-19
vgt_2025_p_2801,VGT-2025-P-2801,"RED GPON SECTOR URBANIZACIÓN NUEVA VENEZUELA, ACARIGUA, EDO. PORTUGUESA -",PORTUGUESA,PAEZ,andes,602,2025-08-20
vgt_2025_p_2804,VGT-2025-P-2804,"RED GPON SECTOR LOS CAPUCHINOS, ARAURE, EDO. PORTUGUES",PORTUGUESA,ARAURE,andes,124,2025-08-21
vgt_2025_p_2845,VGT-2025-P-2845,"SECTOR TERRAZAS DE SAN JOSE, ARAURE, EDO. PORTUGUESA",PORTUGUESA,PAEZ,andes,171,2025-08-27
vgt_2025_p_2917,VGT-2025-P-2917,"TRONCAL RÍO ACARIGUA - CAMBURITO FUNDA BARRIOS, ARAURE, EDO. PORTUGUESA -",PORTUGUESA,PAEZ,andes,77,2025-08-28
vgt_2025_p_2929,VGT-2025-P-2929,"RED GPON URB FUNDA BARRIO, ARAURE, EDO. PORTUGUESA -",PORTUGUESA,ARAURE,andes,418,2025-08-29
vgt_2025_p_2927,VGT-2025-P-2927,"RED GPON CAMBURITO, ARAURE, EDO. PORTUGUESA -",PORTUGUESA,ARAURE,andes,222,2025-08-29
vgt_2025_p_2759,VGT-2025-P-2759,"RED GPON SECTOR LA TAPA DE PIEDRA, ARAURE, EDO. PORTUGUESA",PORTUGUESA,ARAURE,andes,260,2025-08-18
vgt_2025_p_2840,VGT-2025-P-2840,"RED GPON URB EL PLACER, GUANARE, EDO. PORTUGUESA",PORTUGUESA,ARAURE,andes,91,2025-08-27
vgt_2025_p_2844,VGT-2025-P-2844,"RED GPON JUAN PABLO II CIUDAD KANAN, GUANARE, EDO. PORTUGUESA",PORTUGUESA,ARAURE,andes,298,2025-08-27
vgt_2025_p_3105,VGT-2025-P-3105,"RED GPON LOS CORTIJOS, ACARIGUA ETAPA 2, EDO. PORTUGUESA",PORTUGUESA,SAN JUANB DE GUANARE,andes,279,2025-09-18
vgt_2025_p_3097,VGT-2025-P-3097,"PROYECTO RED GPON MALABARES GUANARE ETAPA 2, EDO. PORTUGUESA -",PORTUGUESA,GUANARE,andes,89,2025-09-23
vgt_2025_p_3365,VGT-2025-P-3365,"RED GPON BELLA VISTA, GUANARE, EDO. PORTUGUESA -",PORTUGUESA,GUANARE,andes,31,2025-12-02
vgt_2025_p_3690,VGT-2025-P-3690,"PROYECTO RED GPON GUAFILLAS, ARAURE, EDO. PORTUGUESA",PORTUGUESA,GUANARE,andes,54,2026-01-06
vgt_2026_p_108,VGT-2026-P-108,"PROYECTO RED GPON SECTOR CASERÍO LOS BOTALONES, ARAURE, EDO. PORTUGUESA -",PORTUGUESA,ARAURE,andes,62,2026-02-05
vgt_2025_p_111,VGT-2025-P-111,"PROYECTO RED GPON LA LUCIA - LOS TANQUES, ARAURE, EDO. PORTUGUESA",PORTUGUESA,ARAURE,andes,154,2026-02-05
vgt_2026_p_106,VGT-2026-P-106,"PROYECTO RED GPON LOS MALABARES, ARAURE, EDO. PORTUGUESA -",PORTUGUESA,ARAURE,andes,90,2026-02-05
vgt_2026_p_099,VGT-2026-P-099,"PROYECTO RED GPON TRONCAL BUENA AVENTURA - LA LUCIA, ARAURE, EDO. PORTUGUESA",PORTUGUESA,ARAURE,andes,230,2026-02-05
vgt_2026_p_100,VGT-2026-P-100,"PROYECTO RED GPON LA LUCIA, ARAURE, EDO. PORTUGUESA -",PORTUGUESA,ARAURE,andes,57,2026-02-12
vgt_2023_p_337,VGT-2023-P-337,NUEVO EMPLAZAMIENTO SANTA BARBARA,BARINAS,EZEQUIEL ZAMORA,andes,285,2023-05-04
vgt_2023_p_277,VGT-2023-P-277,TENDIDO DE FIBRA OPTICA SABANETA BARINAS,BARINAS,SABANETA,andes,172,2023-05-04
vgt_2023_p_269,VGT-2023-P-269,PROYECTO MODIFICADO BARINAS JUAN PABLO,BARINAS,BARINAS,andes,1156,2023-05-04
vgt_2023_p_427,VGT-2023-P-427,NUEVO EMPLAZAMIENTO BARINAS PARTE II (CORRALITO) /YA SE INSPECCIONO NO HAN EMITIDO CARTA DE DESINCORPORACIÓN,BARINAS,EN PROCESO DE DESINCORPORACION (VGT-2024-DP-018),andes,472,2023-06-12
vgt_2023_p_1576,VGT-2023-P-1576,TENDIDO DE FIBRA OPTICA BARRANCAS - BARINAS,BARINAS,CRUZ PAREDES,andes,387,2024-01-24
vgt_2024_p_99,VGT-2024-P-99,PROYECTO SAN SILVESTRE EDO. BARINAS,BARINAS,BARINAS,andes,490,2024-02-21
vgt_2024_p_307,VGT-2024-P-307,"TENDIDO DE FIBRA OPTICA SECTOR LAS COLINAS LOS POZONES, EDO. BARINAS (PALACIO FAJARDO)",BARINAS,BARINAS,andes,449,2024-03-01
vgt_2024_p_329,VGT-2024-P-329,TENDIDO DE FIBRA OPTICA SECTOR PEDRAZA LA VIEJA,BARINAS,EZEQUIEL ZAMORA,andes,151,2024-03-01
vgt_2024_p_336,VGT-2024-P-336,TENDIDO DE FIBRA OPTICA SECTOR ANDRES VARELA - 23 DE ENERO,BARINAS,CAPITAL,andes,151,2024-03-01
vgt_2024_p_338,VGT-2024-P-338,PROYECTO SAN ANTONIO DE PAJÉN,BARINAS,EZEQUIEL ZAMORA,andes,46,2024-04-02
vgt_2024_p_351,VGT-2024-P-351,PROYECTO EL CAMBUR,BARINAS,EZEQUIEL ZAMORA,andes,18,2024-04-02
vgt_2024_p_352,VGT-2024-P-352,PROYECTO GUACAS,BARINAS,ANDRES ELOY BLANCO,andes,297,2024-04-02
vgt_2024_p_492,VGT-2024-P-492,"TENDIDO DE FIBRA ÓPTICA SECTOR CAMPO ALEGRE - BORBURATA - OBISPOS, EDO. BARINAS",BARINAS,BARINAS / OBISPOS,andes,483,2024-05-29
vgt_2023_p_102,VGT-2023-P-102,TENDIDO FIBRA ÓPTICA SANTA BARBARA/ PUNTA DE PIEDRA - BOCONOITO,BARINAS,EZEQUIEL ZAMORA - ANTONIO JOSE DE SUCRE - PEDRAZA - BARINAS,andes,2166,2023-05-04
vgt_2024_p_331,VGT-2024-P-331,TENDIDO DE FIBRA ÓPTICA SECTOR CAPITANEJO,BARINAS,EZEQUIEL ZAMORA,andes,251,2024-03-15
vgt_2024_p_778,VGT-2024-P-778,PROYECTO RUTA FIBRA ÓPTICA SECTOR EL CANTON,BARINAS,ANDRES ELOY BLANCO,andes,219,2023-12-18
vgt_2024_p_1172,VGT-2024-P-1172,PROYECTO RUTA FIBRA ÓPTICA RED GPON LA GUACHARACA BARINAS,BARINAS,CRUZ PAREDES,andes,40,2024-09-13
vgt_2024_p_1181,VGT-2024-P-1181,RUTA FIBRA OPTICA RED GPON LOS MEREYES,BARINAS,CRUZ PAREDES,andes,37,2024-09-13
vgt_2024_p_1183,VGT-2024-P-1183,"RUTA FIBRA ÓPTICA 23 DE ENERO, SABANETA, EDO. BARINAS",BARINAS,ALBERTO TORREALBA,andes,62,2024-09-13
vgt_2024_p_1190,VGT-2024-P-1190,"RUTA FIBRA OPTICA ZONA CONTINENTAL, EDO. BARINAS",BARINAS,BARINAS,andes,36,2024-09-13
vgt_2024_p_1253,VGT-2024-P-1253,"RUTA FIBRA OPTICA SECTOR LA MULA, EDO. BARINAS",BARINAS,BARINAS,andes,335,2024-09-13
vgt_2024_p_1522,VGT-2024-P-1522,"RUTA FIBRA ÓPTICA URB. NUEVA BARINAS, CAPITAL, EDO. BARINAS",BARINAS,BARINAS,andes,61,2024-09-13
vgt_2024_p_826,VGT-2024-P-826,PROYECTO FIBRA ÓPTICA TRONCAL CIUDAD BOLIVIA,BARINAS,PEDRAZA,andes,92,2024-10-17
vgt_2024_p_966,VGT-2024-P-966,PROYECTO RED GPON LOS GUASIMITOS-PUEBLO OBRERO,BARINAS,OBISPOS,andes,485,2024-10-17
vgt_2024_p_1629,VGT-2024-P-1629,TENDIDO DE FIBRA ÓPTICA RED GPON 1RO DE DICIEMBRE,BARINAS,BARINAS,andes,464,2024-09-23
vgt_2024_p_1369,VGT-2024-P-1369,"PROYECTO BARINAS ZONA BAJA I, EDO. BARINAS VGT ASIGNADA",BARINAS,BARINAS,andes,252,2024-11-08
vgt_2024_p_2095,VGT-2024-P-2095,PROYECTO RED GPON BEJUCAL ALTO SABANETA ESTADO BARINAS,BARINAS,ALBERTO ARBELO TORREALBA,andes,115,2024-10-04
vgt_2024_p_2096,VGT-2024-P-2096,PROYECTO RED GPON BEJUCAL BAJO SABANETA ESTADO BARINAS,BARINAS,ALBERTO ARBELO TORREALBA,andes,142,2024-10-04
vgt_2024_p_623,VGT-2024-P-623,PROYECTO TRONCAL BARINAS CAMPO ALEGRE,BARINAS,BARINAS,andes,223,
vgt_2024_p_1001,VGT-2024-P-1001,PROYECTO SAN RAFAEL DE CANAGUA,BARINAS,PEDRAZA,andes,139,2024-05-27
vgt_2024_p_2026,VGT-2024-P-2026,PROYECTO TENDIDO DE FIBRA ÓPTICA AMPLIACION SABANETA I EDO. BARINAS,BARINAS,ALBERTO ARBELO TORREALBA,andes,46,2024-10-22
vgt_2024_p_2027,VGT-2024-P-2027,PROYECTO TENDIDO DE FIBRA ÓPTICA AMPLIACION SABANETA II,BARINAS,ALBERTO ARBELO TORREALBA,andes,177,2024-10-22
vgt_2024_p_2029,VGT-2024-P-2029,"PROYECTO TENDIDO DE FIBRA ÓPTICA RED GPON SANTA RITA, VÍA SABANETA, EDO. BARINAS",BARINAS,ALBERTO ARBELO TORREALBA,andes,29,2024-10-23
vgt_2024_p_2256,VGT-2024-P-2256,"RED GPON SECTOR EL RÍO I Y II, SANTA BÁRBARA, EDO. BARINAS",BARINAS,EZEQUIEL ZAMORA,andes,86,2024-11-21
vgt_2024_p_2258,VGT-2024-P-2258,"TENDIDO DE FIBRA ÓPTICA RED GPON SECTOR LAS MINAS DE ARENA II SANTA BARBARA, EDO. BARINAS",BARINAS,EZEQUIEL ZAMORA,andes,29,2024-11-21
vgt_2024_p_2257,VGT-2024-P-2257,"TENDIDO DE FIBRA ÓPTICA RED GPON SECTOR LAS MINAS DE ARENA I SANTA BARBARA, EDO BARINAS",BARINAS,EZEQUIEL ZAMORA,andes,32,2024-11-21
vgt_2024_p_2259,VGT-2024-P-2259,"TENDIDO DE FIBRA ÓPTICA RED GPON SECTOR SAN JOSE SANTA BARBARA, EDO BARINAS",BARINAS,EZEQUIEL ZAMORA,andes,51,2024-11-22
vgt_2024_p_2267,VGT-2024-P-2267,"TENDIDO DE FIBRA ÓPTICA RED GPON SECTOR CENTRO SANTA BARBARA, EDO. BARINAS",BARINAS,EZEQUIEL ZAMORA,andes,78,2024-11-22
vgt_2024_p_2265,VGT-2024-P-2265,SOLICITUD DE PERMISOLOGIA PROYECTO TRONCAL CENTRO,BARINAS,EZEQUIEL ZAMORA,andes,152,2024-11-22
vgt_2024_p_2383,VGT-2024-P-2383,TRONCAL BARINAS - BARINITAS,BARINAS,BARINAS,andes,404,2024-12-10
vgt_2024_p_2416,VGT-2024-P-2416,RED GPON SAN PEDRO AGUA Y DULCE,BARINAS,BOLIVAR,andes,252,2024-12-16
vgt_2024_p_2421,VGT-2024-P-2421,"RED GPON ZONA CENTRO, BARINITAS",BARINAS,BOLIVAR,andes,182,2024-12-16
vgt_2024_p_2445,VGT-2024-P-2445,"RED GPON EL JOBAL, OSPINO",BARINAS,BARINAS,andes,80,2024-12-17
vgt_2024_p_2451,VGT-2024-P-2451,TRONCAL RIO ACARIGUA - CEMENTERIO DE ACARIGUA,BARINAS,BARINAS,andes,138,2024-12-17
vgt_2024_p_2362,VGT-2024-P-2362,PROYECTO RED GPON LA CARAMUCA,BARINAS,BARINAS,andes,481,2024-12-05
vgt_2025_p_84,VGT-2025-P-84,RED GPON SANTA LUCIA,BARINAS,BARINAS,andes,145,2025-01-14
vgt_2025_p_83,VGT-2025-P-83,RED GPON SANTA INÉS,BARINAS,PEDRO FELIPE SOSA,andes,82,2025-01-14
vgt_2025_p_524,VGT-2025-P-524,"RED GPON CIUDAD BOLIVIA,   EDO. BARINAS",BARINAS,PEDRO FELIPE SOSA,andes,641,2025-02-14
vgt_2025_p_587,VGT-2025-P-587,RED GPON PUERTO DE NUTRIAS EDO. BARINAS,BARINAS,OBISPOS,andes,106,2025-03-31
vgt_2025_p_1562,VGT-2025-P-1562,"RED GPON CIUDAD DE NUTRIAS, EDO. BARINAS",BARINAS,BARINAS,andes,263,2025-03-31
vgt_2025_p_1622,VGT-2025-P-1622,"RED GPON GUASIMITO SECTOR BOLIVARIANO, EDO. BARINAS",BARINAS,ARISMENDI,andes,33,2025-03-19
vgt_2025_p_1632,VGT-2025-P-1632,"RED GPON GUASIMITO SECTOR EL HONGO, EDO. BARINAS",BARINAS,ANTONIO JOSE DE SUCRE,andes,30,2025-03-19
vgt_2025_p_1689,VGT-2025-P-1689,"RED GPON ARISMENDI, EDO. BARINAS -",BARINAS,ANTONIO JOSE DE SUCRE,andes,362,2025-03-27
vgt_2025_p_1728,VGT-2025-P-1728,"RED GPON SOCOPO ETAPA IV, EDO. BARINAS",BARINAS,BOLIVAR,andes,584,2025-04-02
vgt_2025_p_1727,VGT-2025-P-1727,"RED GPON SOCOPO ETAPA III, EDO. BARINAS",BARINAS,BOLIVARIANO DE ANUSTRIA,andes,353,2025-04-02
vgt_2025_p_1875,VGT-2025-P-1875,"RED GPON SECTOR ALTAMIRA, EDO. BARINAS",BARINAS,BOLIVAR,andes,396,2025-04-21
vgt_2025_p_1908,VGT-2025-P-1908,"RED GPON ZONA SUR RAUL LEONI, EDO. BARINAS -",BARINAS,BARINAS,andes,316,2025-04-22
vgt_2023_p_1038,VGT-2023-P-1038,PROYECTO NUEVO GUASDUALITO SECTOR CENTRO,APURE,PAEZ,andes,247,2023-10-06
vgt_2023_p_1370,VGT-2023-P-1370,PROYECTO TRONCAL GUASDUALITO EL AMPARO,APURE,PAEZ,andes,219,2023-11-30
vgt_2023_p_990,VGT-2023-P-990,TENDIDO DE FIBRA OPTICA GUASDUALITO,APURE,PAEZ,andes,143,2023-11-30
vgt_2024_p_58,VGT-2024-P-58,TENDIDO DE FIBRA OPTICA TRAMO SECTOR EL NULA,APURE,PAEZ,andes,285,2024-03-01
vgt_2024_p_718,VGT-2024-P-718,TENDIDO DE FIBRA ÓPTICA TRONCAL NARANAJALES – EL NULA,APURE,AYACUCHO - PAEZ,andes,250,2024-05-29
vgt_2024_p_2023,VGT-2024-P-2023,PROYECTO TENDIDO DE FIBRA ÓPTICA RED GPON GUASDUALITO FASE III,APURE,PAEZ,andes,206,2024-11-28
vgt_2024_p_2269,VGT-2024-P-2269,SOLICITUD DE PERMISOLOGIA PROYECTO RED GPON MANTECAL,APURE,MUÑOZ,andes,273,2024-11-22
vgt_2024_p_971,VGT-2024-P-971,RUTA FIBRA ÓPTICA GUASDUALITO MORRONES,APURE,PAEZ,andes,145,2024-05-21
vgt_2024_p_2275,VGT-2024-P-2275,SOLICITUD DE PERMISOLOGIA PROYECTO RED GPON ELORZA,APURE,ROMULO GALLEGOS,andes,636,2024-11-22
vgt_2025_p_42,VGT-2025-P-42,RED GPON LA TRINIDAD DE ORICHUNA,APURE,ROMULO GALLEGOS,andes,88,2025-01-08
vgt_2025_p_291,VGT-2025-P-291,RED GPON RED GPON GUASDUALITO FASE IV,APURE,PAEZ,andes,103,2025-02-04
vgt_2025_p_377,VGT-2025-P-377,"RED GPON RED GPON AV ACUEDUCTO, SAN FRANCISCO Y FE Y ALEGRIA, GUASDUALITO, EDO. APURE",APURE,PAEZ,andes,272,2025-02-11
vgt_2025_p_540,VGT-2025-P-540,"RED GPON ACHAGUAS, EDO. APURE",APURE,ACHAGUAS,andes,602,2025-02-24
vgt_2025_p_541,VGT-2025-P-541,"RED GPON APURITO, EDO. APURE",APURE,ACHAGUAS,andes,90,2025-02-25
vgt_2025_p_542,VGT-2025-P-542,"RED GPON EL SAMAN, EDO. APURE",APURE,ACHAGUAS,andes,132,2025-02-25
vgt_2025_p_1559,VGT-2025-P-1559,"RED GPON BRUZUAL, EDO. APURE",APURE,MUÑOZ,andes,179,2025-03-31
vgt_2025_p_599,VGT-2025-P-599,"TRONCAL GUÁRICO- TOCUYO, EDO. LARA",LARA,MORAN,andes,255,2025-03-31
vgt_2025_p_606,VGT-2025-P-606,TRONCAL BARQUISIMETO- QUIBOR. EDO LARA,LARA,IRRIBARREN - JIMENEZ,andes,531,2025-03-31
vgt_2025_p_849,VGT-2025-P-849,TRONCAL QUIBOR - TOCUYO. EDO LARA,LARA,JIMENEZ - MORAN,andes,317,2025-03-31
vgt_2025_p_868,VGT-2025-P-868,"TRONCAL QUIBOR - SANARE, EDO. LARA",LARA,JIMENEZ - ANDRES ELOY BLANCO,andes,277,2025-03-31
vgt_2025_p_1614,VGT-2025-P-1614,"RED GPON HUMOCARO BAJO, EDO LARA",LARA,MORAN,andes,97,2025-04-02
vgt_2025_p_1613,VGT-2025-P-1613,"RED GPON HUMOCARO ALTO, EDO LARA",LARA,MORAN,andes,99,2025-04-02
vgt_2025_p_1704,VGT-2025-P-1704,"RED GPON SANARE ETAPA I, EDO. LARA",LARA,ANDRES ELOY BLANCO,andes,165,2025-03-31
vgt_2025_p_1839,VGT-2025-P-1839,"RED GPON QUIBOR ETAPA I, EDO. LARA -",LARA,JIMENEZ,andes,341,2025-04-10
vgt_2025_p_1917,VGT-2025-P-1917,"TOCUYO ETAPA I, EDO. LARA -",LARA,MORAN,andes,447,2025-04-23
vgt_2025_p_1918,VGT-2025-P-1918,"TOCUYO ETAPA II, EDO. LARA -",LARA,MORAN,andes,173,2025-04-23
vgt_2025_p_1675,VGT-2025-P-1675,"RED GPON EL BAUL, EDO. COJEDES",COJEDES,COJEDES,andes,355,2025-07-26
vgt_2025_p_1857,VGT-2025-P-1857,"RED GPON TINAQUILLO ETAPA I, EDO. COJEDES",COJEDES,COJEDES,andes,643,2025-04-14
vgt_2025_p_3155,VGT-2025-P-3155,RED GPON SAN CARLOS ETAPA 2 EDO. COJEDES -,COJEDES,,andes,901,2025-09-18
vgt_2025_p_3156,VGT-2025-P-3156,RED GPON SAN CARLOS CASCO CENTRAL ETAPA 1 EDO. COJEDES -,COJEDES,,andes,440,2025-09-18
vgt_2023_p_0254,VGT-2023-P-0254,LAS MINAS DE BARUTA,MIRANDA,,andes,49,2022-08-19
vgt_2024_p_195,VGT-2024-P-195,27 DE FEBRERO MENCA  (EN ESPERA DE RESPUESTA),MIRANDA,SE SOLICITO DESINCORPORACION,andes,60,2024-02-28
vgt_2024_p_211,VGT-2024-P-211,RED GPON TRAPICHITO,MIRANDA,,andes,125,2024-02-29
vgt_2023_p_118,VGT-2023-P-118,CAMBIO DE FIBRA SANTA TERESA- OCUMARE DEL TUY,MIRANDA,,andes,360,2023-04-13
vgt_2023_p_401,VGT-2023-P-401,PROYECTO DE RED GPON GUARENAS,MIRANDA,,andes,277,2023-05-17
vgt_2023_p_119,VGT-2023-P-119,PROYECTO TRONCAL TURUMO - SANTA LUCIA - SANTA TERESA,MIRANDA,,andes,713,2023-04-13
vgt_2023_p_139,VGT-2023-P-139,PROYECTO TORUMO - BARUTA,MIRANDA,,andes,571,2023-05-04
vgt_2023_p_736,VGT-2023-P-736,PROYECTO DE RED GPON GUATIRE,MIRANDA,,andes,1364,2023-07-27
vgt_2023_p_157,VGT-2023-P-157,CAMBIO DE FIBRA TRONCAL TORUMO - PETARE,MIRANDA,,andes,207,2023-05-17
vgt_2023_p_472,VGT-2023-P-472,PROYECTO DE RED GPON OCUMARE,MIRANDA,,andes,1962,2023-05-31
vgt_2023_p_474,VGT-2023-P-474,PROYECTO DE RED GPON VALLES DEL TUY,MIRANDA,,andes,1627,2023-05-31
vgt_2023_p_471,VGT-2023-P-471,PROYECTO YARE MIRANDA,MIRANDA,,andes,374,2023-05-25
vgt_2023_p_306,VGT-2023-P-306,TENDIDO DE FIBRA CAMBIO DE TECNOLOGIA HOLLO DE LA PUERTA,MIRANDA,,andes,170,2023-05-25
vgt_2023_p_156,VGT-2023-P-156,CAMBIO DE FIBRA TRONCAL TORUMO - GUATIRE,MIRANDA,,andes,543,
vgt_2023_p_1621,VGT-2023-P-1621,RED GPON CIUDAD BELEN,MIRANDA,,andes,126,2024-01-24
vgt_2023_p_737,VGT-2023-P-737,PROYECTO DE RED GPON MUNICIPIO SUCRE,MIRANDA,,andes,1987,2023-07-27
vgt_2024_p_167,VGT-2024-P-167,PROYECTO RED GPON LA PALOMERA - BARUTA,MIRANDA,,andes,67,2024-02-26
vgt_2024_p_198,VGT-2024-P-198,PROYECTO RED GPON CASCO CENTRAL - BARUTA,MIRANDA,,andes,123,2024-04-30
vgt_2024_p_292,VGT-2024-P-292,PROYECTO DE RED GPON VALLE ARRIBA,MIRANDA,EZEQUIEL ZAMORA,andes,272,2024-03-01
vgt_2024_p_493,VGT-2024-P-493,RED GPON LA COMUNIDAD - COLINA FELIZ - TAMARINDO,MIRANDA,,andes,229,2024-05-29
vgt_2024_p_436,VGT-2024-P-436,PROYECTO RED GPON EL PEÑON PLACER DE MARÍAS Y MANZANARES,MIRANDA,,andes,103,2024-04-30
vgt_2023_p_305,VGT-2023-P-305,CAMBIO DE TECNOLOGÍA SAN AGUSTÍN DEL SUR,MIRANDA,,andes,180,2023-05-08
vgt_2024_p_1361,VGT-2024-P-1361,RED GPON SAN MARTÍN - EL GUARATARO,MIRANDA,EN PROCESO DE DESINCORPORACION (VGT-2024-DP-032),andes,253,2023-12-04
vgt_2024_p_1180,VGT-2024-P-1180,TENDIDO DE FIBRA ÓPTICA PROYECTO DE RED GPON CAMPO RICO,MIRANDA,MIRANDA,andes,119,2024-09-09
vgt_2024_p_1207,VGT-2024-P-1207,RED GPON CALVARIO GUACARAPA,MIRANDA,,andes,303,2024-10-03
vgt_2024_p_1410,VGT-2024-P-1410,RED GPON VISTA HERMOSA - GUARENAS,MIRANDA,,andes,79,2024-10-03
vgt_2024_p_1095,VGT-2024-P-1095,RUTA FIBRA OPTICA RED GPON OROPEZA CASTILLO GUARENAS,MIRANDA,,andes,215,2024-11-28
vgt_2024_p_2011,VGT-2024-P-2011,PROYECTO FIBRA OPTICA TRONCAL PASEO TUY-SAN FRANCISCO DE YARE,MIRANDA,,andes,235,2024-09-17
vgt_2024_p_1981,VGT-2024-P-1981,TENDIDO DE FIBRA ÓPTICA RED GPON LA AGUADA,MIRANDA,,andes,251,2023-04-13
vgt_2024_p_2189,VGT-2024-P-2189,PROYECTO RED GGPON MINAS DE BARUTA,MIRANDA,,andes,322,2024-10-10
vgt_2024_p_2213,VGT-2024-P-2213,RED GPON LAS CLAVELLINAS,MIRANDA,,andes,249,2024-11-08
vgt_2025_p_47,VGT-2025-P-47,"TRONCAL CÚA - OCUMARE, EDO. MIRANDA",MIRANDA,MIRANDA,andes,149,2025-01-09
vgt_2025_p_49,VGT-2025-P-49,"RED GPON LECUMBERRY - CÚA, EDO. MIRANDA",MIRANDA,,andes,147,2025-01-10
vgt_2025_p_365,VGT-2025-P-365,"TRONCAL LA VIRGEN - LOS TEQUES, EDO. MIRANDA",MIRANDA,,andes,90,2025-02-11
vgt_2025_p_127,VGT-2025-P-127,RED GPON SALAMANCA - CÚA,MIRANDA,,andes,133,2025-01-16
vgt_2024_p_2392,VGT-2024-P-2392,PROYECTO RED GPON SAN PEDRO - LOS TEQUES,MIRANDA,,andes,124,2024-12-11
vgt_2025_p_1819,VGT-2025-P-1819,"RED GPON CASCO CENTRAL - CUA, EDO. MIRANDA",MIRANDA,,andes,157,2025-04-09
vgt_2025_p_2032,VGT-2025-P-2032,"RED GPON URB. INDUSTRIAL MARIN - CUA, EDO. MIRANDA",MIRANDA,MIRANDA,andes,53,2025-05-12
vgt_2025_p_2034,VGT-2025-P-2034,"RED GPON COLINAS DE SANTA BARBARA - CUA, EDO. MIRANDA",MIRANDA,MIRANDA,andes,41,2025-05-12
vgt_2025_p_1999,VGT-2025-P-1999,"RED GPON SECTOR SAN VICENTE, EDO. ARAGUA",MIRANDA,,andes,456,2025-05-07
vgt_2025_p_2040,VGT-2025-P-2040,"RED GPON SANTA CRUZ - CUA, EDO. MIRANDA",MIRANDA,,andes,127,2025-05-13
vgt_2025_p_2049,VGT-2025-P-2049,"RED GPON EL CONDE - CUA, EDO. MIRANDA",MIRANDA,MIRANDA,andes,60,2025-05-13
vgt_2025_p_2051,VGT-2025-P-2051,"TRONCAL AV BERMUDEZ - LOS JAVILLOS, EDO. ARAGUA",MIRANDA,MIRANDA,andes,164,2025-05-13
vgt_2025_p_2159,VGT-2025-P-2159,"RED GPON CAÑA DE AZUCAR, EDO. ARAGUA",MIRANDA,ARAGUA,andes,330,2025-05-21
vgt_2025_p_1972,VGT-2025-P-1972,"RED GPON BARRIO ANDRÉS ELOY BLANCO, EDO. ARAGUA",MIRANDA,,andes,146,2025-06-26
vgt_2025_p_2019,VGT-2025-P-2019,"RED GPON CARTANAL, EDO. MIRANDA -",MIRANDA,MIRANDA,andes,678,2025-05-09
vgt_2025_p_2685,VGT-2025-P-2685,"RED GPON CASCO CENTRAL SANTA TERESA, EDO. MIRANDA",MIRANDA,MIRANDA,andes,414,2025-08-07
vgt_2025_p_3027,VGT-2025-P-3027,"CHARALLAVE CASCO CENTRAL, EDO. MIRANDA",MIRANDA,MIRANDA,andes,466,2025-09-11
vgt_2025_p_3057,VGT-2025-P-3057,"RED GPON SECTOR CHUPULUM, CHARALLAVE, EDO. MIRANDA -",MIRANDA,MIRANDA,andes,220,2025-09-16
vgt_2025_p_3121,VGT-2025-P-3121,"TRONCAL EL ALGARROBO - CHARALLAVE, EDO. MIRANDA -",MIRANDA,MIRANDA,andes,110,2025-09-26
vgt_2025_p_3119,VGT-2025-P-3119,"RED GPON SANTA LUCIA, EDO. MIRANDA -",MIRANDA,MIRANDA,andes,408,2025-09-26
vgt_2025_p_3638,VGT-2025-P-3638,"RED GPON LOS OLIVOS CHARALLAVE, EDO. MIRANDA -",MIRANDA,MIRANDA,andes,179,2025-12-04
vgt_2025_p_3645,VGT-2025-P-3645,"RED GPON TIERRA BLANCA CHARALLAVE, EDO. MIRANDA -",MIRANDA,MIRANDA,andes,159,2025-12-04
vgt_2025_p_3577,VGT-2025-P-3577,"RED GPON EL CAOBAL CHARALLAVE, EDO. MIRANDA",MIRANDA,MIRANDA,andes,157,2025-11-26
vgt_2025_p_3387,VGT-2025-P-3387,"RED GPON ANTIMANO, DTTO. CAPITAL",MIRANDA,DTTO. CAPITAL,andes,270,2025-11-04
vgt_2025_p_3112,VGT-2025-P-3112,"RED GPON LAS CASITAS LA VEGA, DTTO. CAPITAL 2025 -",MIRANDA,DTTO. CAPITAL,andes,482,2025-09-25
vgt_2025_p_3576,VGT-2025-P-3576,"RED GPON LOS NISPEROS - MAMERA ANTIMANO, DTTO. CAPITAL -",MIRANDA,DTTO. CAPITAL,andes,398,2025-11-26
vgt_2025_p_3068,VGT-2025-P-3068,"TRONCAL CHARALLAVE, EDO. MIRANDA -",MIRANDA,MIRANDA,andes,111,2025-09-17
vgt_2025_p_3080,VGT-2025-P-3080,"RED GPON SECTOR LA ESTREELLA, CHARALLAVE, EDO. MIRANDA -",MIRANDA,MIRANDA,andes,210,2025-09-19
vgt_2025_p_3056,VGT-2025-P-3056,"SOLICITUD DE PERMISOLOGIA PROYECTO TRONCAL CHARALLAVE - CAUJARITO, EDO. MIRANDA",MIRANDA,MIRANDA,andes,184,2025-03-05
vgt_2026_p_171,VGT-2026-P-171,"PROYECTO RED GPON EL ALGARROBO CHARALLAVE, EDO. MIRANDA",MIRANDA,MIRANDA,andes,209,2026-02-12
vgt_2026_p_599,VGT-2026-P-599,"PROYECTO RED GPON SECTOR TERMINAL DE ORIENTE - PETARE, EDO. MIRANDA",MIRANDA,MIRANDA,andes,115,2026-05-05
vgt_2025_p_101,VGT-2025-P-101,TRONCAL SUBTERRANEA LEBRUN - CASCO HISTORICO,MIRANDA,MIRANDA,andes,2,2026-05-11
vgt_2026_p_622,VGT-2026-P-622,"PROYECTO RED GPON URBANIZACION EL JOBITO, EDO. MIRANDA -",MIRANDA,MIRANDA,andes,21,2026-05-11
vgt_2026_p_627,VGT-2026-P-627,"PROYECTO RED GPON EL ROSARIO, STA LUCIA, EDO. MIRANDA (REGULARIZACIÓN)",MIRANDA,MIRANDA,andes,340,2026-05-11
vgt_2023_p_168,VGT-2023-P-168,CONSTRUCCIÓN DE RED GPON EN EL VALLE.,DTO. CAPITAL,,andes,700,2024-11-15
vgt_2023_p_122,VGT-2023-P-122,PROYECTO SARRIA - COTIZA - MECEDORES,DTO. CAPITAL,,andes,407,2023-04-13
vgt_2023_p_446,VGT-2023-P-446,PROYECTO DE RED GPON COTA 905,DTO. CAPITAL,,andes,262,2023-05-17
vgt_2023_p_738,VGT-2023-P-738,PROYECTO DE RED GPON LAS MAYAS,DTO. CAPITAL,,andes,95,2023-07-27
vgt_2023_p_164,VGT-2023-P-164,CONSTRUCCIÓN DE RED GPON EN COCHECITO,DTO. CAPITAL,,andes,500,2023-04-13
vgt_2023_p_1359,VGT-2023-P-1359,PROYECTO SARRIA,DTO. CAPITAL,,andes,453,2023-11-16
vgt_2023_p_1380,VGT-2023-P-1380,RED GPON URB. LA RINCONADA,DTO. CAPITAL,,andes,47,2023-12-04
vgt_2023_p_177,VGT-2023-P-177,PROYECTO EL CEMENTERIO,DTO. CAPITAL,,andes,372,2023-04-13
vgt_2023_p_1579,VGT-2023-P-1579,RED GPON CALLE 14 EL VALLE,DTO. CAPITAL,,andes,14,2024-01-24
vgt_2023_p_1574,VGT-2023-P-1574,TRONCAL AV. FUERZAS ARMADAS - SAN MARTÍN,DTO. CAPITAL,,andes,65,2024-01-24
vgt_2024_p_121,VGT-2024-P-121,PROYECTO TRONCAL MIRAFLORES - MECEDORES,DTO. CAPITAL,,andes,121,2024-02-01
vgt_2024_p_84,VGT-2024-P-84,PROYECTO SUSTITUCIÓN DE TRAMO FO TRONCAL AV. VALLE - COCHE,DTO. CAPITAL,LIBERTADOR,andes,25,2024-01-30
vgt_2023_p_1554,VGT-2023-P-1554,PROYECTO RED GPON ALCABALA 4 (CIUDAD TIUNA).,DTO. CAPITAL,,andes,53,2024-03-20
vgt_2023_p_155,VGT-2023-P-155,PROYECTO TRONCAL BARUTA EL VALLE,DTO. CAPITAL,,andes,163,2023-05-04
vgt_2023_p_992,VGT-2023-P-992,PROYECTO CIUDAD CARIBIA EN PROCESO DE DESINCORPORACION  (EN ESPERA DE RESPUESTA),DTO. CAPITAL,,andes,56,2023-10-17
vgt_2024_p_389,VGT-2024-P-389,PROYECTO DE RED GPON TURMERITO PARTE BAJA,DTO. CAPITAL,,andes,38,2024-03-11
vgt_2024_p_158,VGT-2024-P-158,TRAMO RUTA SUBTERRÁNEA TRONCAL VALLE COCHE,DTO. CAPITAL,,andes,2,2024-04-29
vgt_2024_pr_672,VGT-2024-PR-672,RED GPON  SAN MIGUEL- PETARE,DTO. CAPITAL,,andes,35,2023-11-01
vgt_2024_p_751,VGT-2024-P-751,PROYECTO DE RED GPON BOLEITA LA LUCHA,DTO. CAPITAL,,andes,150,2024-08-13
vgt_2024_p_1013,VGT-2024-P-1013,PROYECTO DE RED GPON  CANDELARIA,DTO. CAPITAL,DTTO. CAPITAL,andes,75,2024-05-01
vgt_2024_p_1407,VGT-2024-P-1407,TRONCAL AÉREA SARRIA - CAÑICITO,DTO. CAPITAL,,andes,125,2024-10-17
vgt_2024_pr_689,VGT-2024-PR-689,PROYECTO DE RED GPON BLANQUITA PEREZ,DTO. CAPITAL,LA GUAIRA,andes,67,2024-10-17
vgt_2024_pr_670,VGT-2024-PR-670,TRONCAL TANAGUARENAS,DTO. CAPITAL,,andes,54,2024-10-17
vgt_2024_p_1418,VGT-2024-P-1418,SOLICITUD DE PERMISOLOGIA  PARA PROYECTO RED GPON NAIGUATA,DTO. CAPITAL,LA GUAIRA,andes,378,2024-07-26
vgt_2024_p_1663,VGT-2024-P-1663,PROYECTO TRONCAL SARRIA- TELEFERICO,DTO. CAPITAL,LIBERTADOR/DTTO. CAPITAL,andes,67,2024-09-05
vgt_2024_p_2389,VGT-2024-P-2389,PROYECTO TRONCAL TAZON - HOYO DE LA PUERTA,DTO. CAPITAL,DTTO. CAPITAL,andes,43,2024-10-12
vgt_2024_p_1528,VGT-2024-P-1528,"PROYECTO RED GPON SAN AGUSTÍN DEL SUR, MCPO LIBERTADOR, DTTO. CAPITAL.",DTO. CAPITAL,LIBERTADOR,andes,192,2024-08-14
vgt_2025_p_464,VGT-2025-P-464,"RED GPON BARRIO EL AMPARO - CATIA, EDO. DTTO CAPITAL",DTO. CAPITAL,DTTO. CAPITAL,andes,172,2025-02-18
vgt_2025_p_221,VGT-2025-P-221,"TRONCAL CATIA - EL JUNQUITO, EDO. DTTO CAPITAL",DTO. CAPITAL,DTTO. CAPITAL,andes,278,2025-01-29
vgt_2025_p_2836,VGT-2025-P-2836,"RED GPON CARAPITA PARTE BAJA, DTTO. CAPITAL",DTO. CAPITAL,DTTO. CAPITAL,andes,396,2025-06-09
vgt_2023_p_101,VGT-2023-P-101,RUTA F.O CABLE NORTE CARACAS - GLOBALNET,DTO. CAPITAL,,andes,75,
vgt_2025_p_2616,VGT-2025-P-2616,"RED GPON SECTOR LA CASONA, DTTO. CAPITAL -",DTO. CAPITAL,DTTO. CAPITAL,andes,183,2025-07-30
vgts_2024_268,VGTS-2024-268,Tramo Subterraneo Boleita La Lucha,MIRANDA,SUCRE,general,2234,2024-05-23
vgts_2024_054,VGTS-2024-054,Tramo Ruta Subterránea Troncal Valle Coche,DTTO. CAPITAL,LIBERTADOR,general,606,2024-03-18
vgts_2024_282,VGTS-2024-282,Troncal Subterranea Sarria- cotiza,DTTO. CAPITAL,,general,1687,2024-06-06
vgts_2024_470,VGTS-2024-470,Proyecto Troncal Subterránea Sarria – Cañicito (74 Tanquillas),DTTO. CAPITAL,,general,3500,2024-10-04
vgts_2025_213,VGTS-2025-213,"TRONCAL SUBTERRANEA CC VALLE - COCHE, DTTO CAPITAL",Distrito Capital,,general,1500,2025-04-22
vgts_2025_424,VGTS-2025-424,"TRONCAL SECTOR LEBRUN - CC LA URBINA, EDO. MIRANDA",MIRANDA,sucre,general,1444,2025-08-08
vgts_2025_025,VGTS-2025-025,TRONCAL SUBTERRANEA LEBRUN - CASCO HISTORICO,MIRANDA,Libertador,general,800,2025-01-15
vgts_2025_266,VGTS-2025-266.,"TRONCAL SUBTERRANEA CALLE 1 - CALLE 18 EL VALLE, DTTO. CAPITAL",Distrito Capital,Libertador,general,1800,2025-05-23
